,count,mean,std,min,25%,50%,75%,max
dm,1.0,0.085948,,0.085948,0.085948,0.085948,0.085948,0.085948
ipw,1.0,0.003089,,0.003089,0.003089,0.003089,0.003089,0.003089
snipw,1.0,0.007203,,0.007203,0.007203,0.007203,0.007203,0.007203
dr,1.0,0.005961,,0.005961,0.005961,0.005961,0.005961,0.005961
sndr,1.0,0.005633,,0.005633,0.005633,0.005633,0.005633,0.005633
switch-dr,1.0,0.005961,,0.005961,0.005961,0.005961,0.005961,0.005961
dr-os,1.0,0.039585,,0.039585,0.039585,0.039585,0.039585,0.039585
